Image,Class
1.jpg,1
2.jpg,1
3.jpg,1
4.jpg,1
5.jpg,0
6.jpg,0
7.jpg,0
8.jpg,1
9.jpg,0
10.jpg,0
11.jpg,0
12.jpg,0
13.jpg,1
14.jpg,1
15.jpg,0
16.jpg,1
17.jpg,0
18.jpg,0
19.jpg,0
20.jpg,0
21.jpg,0
22.jpg,0
23.jpg,0
24.jpg,0
25.jpg,0
26.jpg,0
27.jpg,0
28.jpg,0
29.jpg,0
30.jpg,0
31.jpg,0
32.jpg,0
33.jpg,0
34.jpg,1
35.jpg,1
36.jpg,1
37.jpg,1
38.jpg,0
39.jpg,0
40.jpg,1
41.jpg,1
42.jpg,0
43.jpg,0
44.jpg,0
45.jpg,1
46.jpg,1
47.jpg,1
48.jpg,1
49.jpg,0
50.jpg,1
51.jpg,0
52.jpg,0
53.jpg,1
54.jpg,1
55.jpg,1
56.jpg,1
57.jpg,1
58.jpg,1
59.jpg,0
60.jpg,0
61.jpg,1
62.jpg,0
63.jpg,1
64.jpg,0
65.jpg,0
66.jpg,1
67.jpg,0
68.jpg,0
69.jpg,0
70.jpg,0
71.jpg,0
72.jpg,1
73.jpg,0
74.jpg,1
75.jpg,1
76.jpg,1
77.jpg,1
78.jpg,1
79.jpg,1
80.jpg,1
81.jpg,0
82.jpg,1
83.jpg,1
84.jpg,0
85.jpg,0
86.jpg,1
87.jpg,1
88.jpg,0
89.jpg,0
90.jpg,0
91.jpg,0
92.jpg,0
93.jpg,0
94.jpg,1
95.jpg,0
96.jpg,0
97.jpg,0
98.jpg,0
99.jpg,0
100.jpg,0
101.jpg,0
102.jpg,0
103.jpg,0
104.jpg,0
105.jpg,0
106.jpg,1
107.jpg,0
108.jpg,1
109.jpg,0
110.jpg,1
111.jpg,0
112.jpg,0
113.jpg,0
114.jpg,0
115.jpg,0
116.jpg,0
117.jpg,1
118.jpg,1
119.jpg,1
120.jpg,1
121.jpg,0
122.jpg,0
123.jpg,0
124.jpg,0
125.jpg,1
126.jpg,0
127.jpg,0
128.jpg,0
129.jpg,0
130.jpg,1
131.jpg,1
132.jpg,1
133.jpg,1
134.jpg,1
135.jpg,0
136.jpg,0
137.jpg,0
138.jpg,0
139.jpg,0
140.jpg,0
141.jpg,0
142.jpg,0
143.jpg,1
144.jpg,1
145.jpg,0
146.jpg,1
147.jpg,1
148.jpg,1
149.jpg,1
150.jpg,1
151.jpg,1
152.jpg,1
153.jpg,1
154.jpg,0
155.jpg,0
156.jpg,0
157.jpg,1
158.jpg,1
159.jpg,0
160.jpg,1
161.jpg,1
162.jpg,1
163.jpg,0
164.jpg,0
165.jpg,0
166.jpg,0
167.jpg,1
168.jpg,1
169.jpg,1
170.jpg,1
171.jpg,1
172.jpg,0
173.jpg,0
174.jpg,0
175.jpg,0
176.jpg,1
177.jpg,1
178.jpg,1
179.jpg,1
180.jpg,0
181.jpg,0
182.jpg,1
183.jpg,1
184.jpg,1
185.jpg,0
186.jpg,0
187.jpg,0
188.jpg,0
189.jpg,0
190.jpg,0
191.jpg,0
192.jpg,1
193.jpg,1
194.jpg,0
195.jpg,0
196.jpg,1
197.jpg,1
198.jpg,1
199.jpg,1
200.jpg,1
201.jpg,1
202.jpg,1
203.jpg,0
204.jpg,0
205.jpg,0
206.jpg,0
207.jpg,1
208.jpg,1
209.jpg,1
210.jpg,1
211.jpg,0
212.jpg,1
213.jpg,1
214.jpg,0
215.jpg,1
216.jpg,1
217.jpg,1
218.jpg,1
219.jpg,0
220.jpg,0
221.jpg,0
222.jpg,0
223.jpg,0
224.jpg,0
225.jpg,0
226.jpg,1
227.jpg,1
228.jpg,1
229.jpg,1
230.jpg,1
231.jpg,1
232.jpg,1
233.jpg,0
234.jpg,0
235.jpg,1
236.jpg,1
237.jpg,1
238.jpg,1
239.jpg,1
240.jpg,1
241.jpg,1
242.jpg,1
243.jpg,0
244.jpg,0
245.jpg,1
246.jpg,1
247.jpg,1
248.jpg,1
249.jpg,1
250.jpg,1
251.jpg,1
252.jpg,1
253.jpg,1
254.jpg,1
255.jpg,1
256.jpg,0
257.jpg,0
258.jpg,0
259.jpg,0
260.jpg,1
261.jpg,1
262.jpg,1
263.jpg,1
264.jpg,0
265.jpg,0
266.jpg,0
267.jpg,1
268.jpg,1
269.jpg,1
270.jpg,1
271.jpg,1
272.jpg,1
273.jpg,1
274.jpg,0
275.jpg,0
276.jpg,0
277.jpg,0
278.jpg,1
279.jpg,1
280.jpg,1
281.jpg,1
282.jpg,1
283.jpg,1
284.jpg,1
285.jpg,0
286.jpg,0
287.jpg,1
288.jpg,1
289.jpg,1
290.jpg,1
291.jpg,1
292.jpg,0
293.jpg,1
294.jpg,1
295.jpg,1
296.jpg,1
297.jpg,1
298.jpg,1
299.jpg,1
300.jpg,0
301.jpg,0
302.jpg,0
303.jpg,1
304.jpg,1
305.jpg,1
306.jpg,0
307.jpg,0
308.jpg,0
309.jpg,0
310.jpg,0
311.jpg,1
312.jpg,1
313.jpg,1
314.jpg,1
315.jpg,1
316.jpg,1
317.jpg,1
318.jpg,1
319.jpg,1
320.jpg,1
321.jpg,0
322.jpg,1
323.jpg,1
324.jpg,1
325.jpg,0
326.jpg,0
327.jpg,0
328.jpg,0
329.jpg,1
330.jpg,1
331.jpg,1
332.jpg,1
333.jpg,1
334.jpg,1
335.jpg,1
336.jpg,1
337.jpg,0
338.jpg,1
339.jpg,1
340.jpg,0
341.jpg,0
342.jpg,0
343.jpg,0
344.jpg,0
345.jpg,0
346.jpg,0
347.jpg,1
348.jpg,1
349.jpg,1
350.jpg,1
351.jpg,1
352.jpg,1
353.jpg,1
354.jpg,1
355.jpg,1
356.jpg,0
357.jpg,0
358.jpg,0
359.jpg,0
360.jpg,0
361.jpg,0
362.jpg,1
363.jpg,0
364.jpg,1
365.jpg,1
366.jpg,1
367.jpg,1
368.jpg,1
369.jpg,1
370.jpg,1
371.jpg,0
372.jpg,0
373.jpg,1
374.jpg,1
375.jpg,1
376.jpg,1
377.jpg,0
378.jpg,1
379.jpg,1
380.jpg,1
381.jpg,1
382.jpg,1
383.jpg,0
384.jpg,1
385.jpg,1
386.jpg,1
387.jpg,1
388.jpg,1
389.jpg,1
390.jpg,1
391.jpg,0
392.jpg,1
393.jpg,1
394.jpg,1
395.jpg,1
396.jpg,1
397.jpg,1
398.jpg,1
399.jpg,1
400.jpg,1
401.jpg,1
402.jpg,0
403.jpg,0
404.jpg,0
405.jpg,0
406.jpg,0
407.jpg,0
408.jpg,0
409.jpg,0
410.jpg,0
411.jpg,0
412.jpg,1
413.jpg,1
414.jpg,1
415.jpg,1
416.jpg,1
417.jpg,1
418.jpg,1
419.jpg,1
420.jpg,1
421.jpg,1
422.jpg,1
423.jpg,1
424.jpg,1
425.jpg,1
426.jpg,0
427.jpg,1
428.jpg,1
429.jpg,0
430.jpg,0
431.jpg,0
432.jpg,1
433.jpg,1
434.jpg,1
435.jpg,1
436.jpg,0
437.jpg,0
438.jpg,1
439.jpg,1
440.jpg,0
441.jpg,0
442.jpg,0
443.jpg,0
444.jpg,0
445.jpg,0
446.jpg,1
447.jpg,1
448.jpg,1
449.jpg,0
450.jpg,0
451.jpg,0
452.jpg,0
453.jpg,0
454.jpg,0
455.jpg,0
456.jpg,1
457.jpg,1
458.jpg,0
459.jpg,0
460.jpg,0
461.jpg,0
462.jpg,0
463.jpg,1
464.jpg,1
465.jpg,1
466.jpg,1
467.jpg,1
468.jpg,1
469.jpg,1
470.jpg,1
471.jpg,1
472.jpg,0
473.jpg,0
474.jpg,1
475.jpg,1
476.jpg,1
477.jpg,1
478.jpg,1
479.jpg,1
480.jpg,1
481.jpg,1
482.jpg,0
483.jpg,0
484.jpg,0
485.jpg,1
486.jpg,1
487.jpg,0
488.jpg,1
489.jpg,1
490.jpg,1
491.jpg,1
492.jpg,1
493.jpg,1
494.jpg,1
495.jpg,0
496.jpg,1
497.jpg,0
498.jpg,1
499.jpg,1
500.jpg,1
501.jpg,1
502.jpg,1
503.jpg,1
504.jpg,0
505.jpg,0
506.jpg,1
507.jpg,0
508.jpg,0
509.jpg,1
510.jpg,1
511.jpg,1
512.jpg,1
513.jpg,1
514.jpg,1
515.jpg,1
516.jpg,0
517.jpg,1
518.jpg,1
519.jpg,1
520.jpg,1
521.jpg,0
522.jpg,0
523.jpg,0
524.jpg,1
525.jpg,1
526.jpg,0
527.jpg,1
528.jpg,1
529.jpg,1
530.jpg,1
531.jpg,0
532.jpg,1
533.jpg,0
534.jpg,0
535.jpg,0
536.jpg,0
537.jpg,0
538.jpg,0
539.jpg,0
540.jpg,0
541.jpg,1
542.jpg,1
543.jpg,1
544.jpg,1
545.jpg,1
546.jpg,1
547.jpg,1
548.jpg,0
549.jpg,0
550.jpg,0
551.jpg,1
552.jpg,1
553.jpg,1
554.jpg,1
555.jpg,1
556.jpg,1
557.jpg,1
558.jpg,0
559.jpg,0
560.jpg,1
561.jpg,1
562.jpg,1
563.jpg,1
564.jpg,1
565.jpg,1
566.jpg,1
567.jpg,1
568.jpg,0
569.jpg,0
570.jpg,1
571.jpg,1
572.jpg,1
573.jpg,1
574.jpg,1
575.jpg,1
576.jpg,0
577.jpg,1
578.jpg,1
579.jpg,1
580.jpg,1
581.jpg,1
582.jpg,1
583.jpg,1
584.jpg,1
585.jpg,1
586.jpg,0
587.jpg,0
588.jpg,0
589.jpg,0
590.jpg,0
591.jpg,0
592.jpg,1
593.jpg,0
594.jpg,0
595.jpg,0
596.jpg,1
597.jpg,1
598.jpg,1
599.jpg,1
600.jpg,1
601.jpg,1
602.jpg,0
603.jpg,1
604.jpg,1
605.jpg,1
606.jpg,1
607.jpg,1
608.jpg,1
609.jpg,1
610.jpg,1
611.jpg,0
612.jpg,0
613.jpg,1
614.jpg,1
615.jpg,1
616.jpg,0
617.jpg,0
618.jpg,0
619.jpg,0
620.jpg,1
621.jpg,1
622.jpg,1
623.jpg,0
624.jpg,0
625.jpg,1
626.jpg,1
627.jpg,1
628.jpg,0
629.jpg,1
630.jpg,1
631.jpg,0
632.jpg,0
633.jpg,0
634.jpg,0
635.jpg,0
636.jpg,1
637.jpg,1
638.jpg,1
639.jpg,1
640.jpg,1
641.jpg,1
642.jpg,1
643.jpg,1
644.jpg,1
645.jpg,0
646.jpg,0
647.jpg,0
648.jpg,1
649.jpg,1
650.jpg,1
651.jpg,1
652.jpg,1
653.jpg,0
654.jpg,1
655.jpg,1
656.jpg,1
657.jpg,1
658.jpg,1
659.jpg,1
660.jpg,1
661.jpg,0
662.jpg,0
663.jpg,0
664.jpg,0
665.jpg,0
666.jpg,1
667.jpg,1
668.jpg,1
669.jpg,1
670.jpg,1
671.jpg,1
672.jpg,1
673.jpg,1
674.jpg,1
675.jpg,1
676.jpg,1
677.jpg,1
678.jpg,1
679.jpg,1
680.jpg,1
681.jpg,0
682.jpg,0
683.jpg,0
684.jpg,0
685.jpg,0
686.jpg,0
687.jpg,0
688.jpg,0
689.jpg,0
690.jpg,1
691.jpg,1
692.jpg,1
693.jpg,1
694.jpg,1
695.jpg,0
696.jpg,0
697.jpg,1
698.jpg,1
699.jpg,1
700.jpg,1
701.jpg,1
702.jpg,1
703.jpg,1
704.jpg,1
705.jpg,1
706.jpg,1
707.jpg,1
708.jpg,1
709.jpg,1
710.jpg,0
711.jpg,0
712.jpg,1
713.jpg,1
714.jpg,0
715.jpg,0
716.jpg,0
717.jpg,0
718.jpg,0
719.jpg,1
720.jpg,1
721.jpg,1
722.jpg,1
723.jpg,1
724.jpg,1
725.jpg,1
726.jpg,1
727.jpg,1
728.jpg,1
729.jpg,1
730.jpg,1
731.jpg,0
732.jpg,0
733.jpg,0
734.jpg,0
735.jpg,0
736.jpg,0
737.jpg,0
738.jpg,1
739.jpg,1
740.jpg,1
741.jpg,1
742.jpg,1
743.jpg,0
744.jpg,0
745.jpg,0
746.jpg,1
747.jpg,1
748.jpg,1
749.jpg,1
750.jpg,0
751.jpg,0
752.jpg,0
753.jpg,0
754.jpg,0
755.jpg,0
756.jpg,0
757.jpg,0
758.jpg,0
759.jpg,1
760.jpg,1
761.jpg,1
762.jpg,1
763.jpg,1
764.jpg,1
765.jpg,0
766.jpg,0
767.jpg,0
768.jpg,0
769.jpg,0
770.jpg,0
771.jpg,0
772.jpg,0
773.jpg,0
774.jpg,0
775.jpg,1
776.jpg,1
777.jpg,1
778.jpg,1
779.jpg,1
780.jpg,1
781.jpg,1
782.jpg,1
783.jpg,1
784.jpg,1
785.jpg,1
786.jpg,0
787.jpg,1
788.jpg,1
789.jpg,1
790.jpg,1
791.jpg,1
792.jpg,1
793.jpg,1
794.jpg,0
795.jpg,0
796.jpg,1
797.jpg,1
798.jpg,1
799.jpg,1
800.jpg,1
801.jpg,1
802.jpg,1
803.jpg,1
804.jpg,1
805.jpg,0
806.jpg,0
807.jpg,1
808.jpg,1
809.jpg,1
810.jpg,1
811.jpg,1
812.jpg,1
813.jpg,1
814.jpg,0
815.jpg,0
816.jpg,1
817.jpg,1
818.jpg,0
819.jpg,0
820.jpg,0
821.jpg,0
822.jpg,0
823.jpg,1
824.jpg,1
825.jpg,1
826.jpg,1
827.jpg,1
828.jpg,1
829.jpg,1
830.jpg,1
831.jpg,1
832.jpg,1
833.jpg,1
834.jpg,1
835.jpg,0
836.jpg,1
837.jpg,1
838.jpg,1
839.jpg,1
840.jpg,1
841.jpg,1
842.jpg,1
843.jpg,1
844.jpg,1
845.jpg,1
846.jpg,0
847.jpg,0
848.jpg,0
849.jpg,0
850.jpg,0
851.jpg,0
852.jpg,0
853.jpg,1
854.jpg,1
855.jpg,1
856.jpg,1
857.jpg,1
858.jpg,1
859.jpg,1
860.jpg,0
861.jpg,0
862.jpg,1
863.jpg,1
864.jpg,1
865.jpg,1
866.jpg,1
867.jpg,0
868.jpg,0
869.jpg,0
870.jpg,0
871.jpg,0
872.jpg,0
873.jpg,0
874.jpg,1
875.jpg,1
876.jpg,1
877.jpg,1
878.jpg,1
879.jpg,1
880.jpg,1
881.jpg,0
882.jpg,1
883.jpg,1
884.jpg,0
885.jpg,0
886.jpg,1
887.jpg,1
888.jpg,1
889.jpg,0
890.jpg,0
891.jpg,1
892.jpg,1
893.jpg,1
894.jpg,1
895.jpg,1
896.jpg,1
897.jpg,1
898.jpg,1
899.jpg,1
900.jpg,1
901.jpg,1
902.jpg,1
903.jpg,1
904.jpg,1
905.jpg,0
906.jpg,1
907.jpg,1
908.jpg,1
909.jpg,1
910.jpg,1
911.jpg,1
912.jpg,1
913.jpg,1
914.jpg,1
915.jpg,1
916.jpg,0
917.jpg,1
918.jpg,1
919.jpg,1
920.jpg,1
921.jpg,1
922.jpg,1
923.jpg,1
924.jpg,1
925.jpg,1
926.jpg,0
927.jpg,0
928.jpg,1
929.jpg,0
930.jpg,0
931.jpg,0
932.jpg,1
933.jpg,1
934.jpg,1
935.jpg,1
936.jpg,1
937.jpg,1
938.jpg,0
939.jpg,0
940.jpg,0
941.jpg,0
942.jpg,1
943.jpg,1
944.jpg,1
945.jpg,1
946.jpg,1
947.jpg,1
948.jpg,0
949.jpg,1
950.jpg,1
951.jpg,1
952.jpg,1
953.jpg,1
954.jpg,1
955.jpg,1
956.jpg,1
957.jpg,1
958.jpg,1
959.jpg,1
960.jpg,1
961.jpg,0
962.jpg,0
963.jpg,1
964.jpg,1
965.jpg,0
966.jpg,0
967.jpg,0
968.jpg,1
969.jpg,1
970.jpg,1
971.jpg,1
972.jpg,1
973.jpg,0
974.jpg,1
975.jpg,1
976.jpg,1
977.jpg,0
978.jpg,0
979.jpg,0
980.jpg,0
981.jpg,0
982.jpg,0
983.jpg,0
984.jpg,0
985.jpg,0
986.jpg,0
987.jpg,0
988.jpg,0
989.jpg,0
990.jpg,0
991.jpg,0
992.jpg,0
993.jpg,0
994.jpg,0
995.jpg,0
996.jpg,1
997.jpg,0
998.jpg,0
999.jpg,0
1000.jpg,0
1001.jpg,0
1002.jpg,0
1003.jpg,0
1004.jpg,0
1005.jpg,1
1006.jpg,1
1007.jpg,1
1008.jpg,0
1009.jpg,0
1010.jpg,0
1011.jpg,0
1012.jpg,0
1013.jpg,0
1014.jpg,0
1015.jpg,0
1016.jpg,0
1017.jpg,0
1018.jpg,1
1019.jpg,0
1020.jpg,0
1021.jpg,0
1022.jpg,1
1023.jpg,1
1024.jpg,0
1025.jpg,0
1026.jpg,0
1027.jpg,1
1028.jpg,0
1029.jpg,0
1030.jpg,0
1031.jpg,1
1032.jpg,0
1033.jpg,0
1034.jpg,0
1035.jpg,0
1036.jpg,0
1037.jpg,0
1038.jpg,0
1039.jpg,1
1040.jpg,1
1041.jpg,0
1042.jpg,0
1043.jpg,0
1044.jpg,0
1045.jpg,1
1046.jpg,1
1047.jpg,1
1048.jpg,1
1049.jpg,0
1050.jpg,0
1051.jpg,1
1052.jpg,1
1053.jpg,0
1054.jpg,0
1055.jpg,1
1056.jpg,1
1057.jpg,0
1058.jpg,0
1059.jpg,1
1060.jpg,0
1061.jpg,0
1062.jpg,0
1063.jpg,1
1064.jpg,1
1065.jpg,0
1066.jpg,0
1067.jpg,0
1068.jpg,0
1069.jpg,0
1070.jpg,1
1071.jpg,0
1072.jpg,0
1073.jpg,0
1074.jpg,0
1075.jpg,0
1076.jpg,0
1077.jpg,0
1078.jpg,0
1079.jpg,0
1080.jpg,1
1081.jpg,0
1082.jpg,0
1083.jpg,0
1084.jpg,0
1085.jpg,0
1086.jpg,0
1087.jpg,0
1088.jpg,0
1089.jpg,0
1090.jpg,0
1091.jpg,0
1092.jpg,1
1093.jpg,0
1094.jpg,0
1095.jpg,0
1096.jpg,1
1097.jpg,1
1098.jpg,0
1099.jpg,1
1100.jpg,1
1101.jpg,1
1102.jpg,1
1103.jpg,1
1104.jpg,1
1105.jpg,0
1106.jpg,0
1107.jpg,1
1108.jpg,0
1109.jpg,0
1110.jpg,0
1111.jpg,0
1112.jpg,1
1113.jpg,0
1114.jpg,0
1115.jpg,1
1116.jpg,0
1117.jpg,0
1118.jpg,0
1119.jpg,1
1120.jpg,0
1121.jpg,0
1122.jpg,1
1123.jpg,1
1124.jpg,0
1125.jpg,0
1126.jpg,0
1127.jpg,1
1128.jpg,1
1129.jpg,0
1130.jpg,1
1131.jpg,1
1132.jpg,1
1133.jpg,1
1134.jpg,0
1135.jpg,0
1136.jpg,1
1137.jpg,1
1138.jpg,1
1139.jpg,0
1140.jpg,1
1141.jpg,1
1142.jpg,1
1143.jpg,1
1144.jpg,0
1145.jpg,1
1146.jpg,1
1147.jpg,0
1148.jpg,1
1149.jpg,1
1150.jpg,1
1151.jpg,1
1152.jpg,1
1153.jpg,0
1154.jpg,0
1155.jpg,0
1156.jpg,1
1157.jpg,0
1158.jpg,0
1159.jpg,0
1160.jpg,0
1161.jpg,0
1162.jpg,0
1163.jpg,0
1164.jpg,0
1165.jpg,0
1166.jpg,0
1167.jpg,0
1168.jpg,0
1169.jpg,0
1170.jpg,0
1171.jpg,0
1172.jpg,0
1173.jpg,0
1174.jpg,0
1175.jpg,1
1176.jpg,0
1177.jpg,0
1178.jpg,1
1179.jpg,1
1180.jpg,1
1181.jpg,1
1182.jpg,0
1183.jpg,1
1184.jpg,0
1185.jpg,0
1186.jpg,0
1187.jpg,1
1188.jpg,1
1189.jpg,0
1190.jpg,0
1191.jpg,0
1192.jpg,1
1193.jpg,0
1194.jpg,1
1195.jpg,1
1196.jpg,1
1197.jpg,1
1198.jpg,1
1199.jpg,0
1200.jpg,0
1201.jpg,0
1202.jpg,0
1203.jpg,0
1204.jpg,0
1205.jpg,0
1206.jpg,1
1207.jpg,1
1208.jpg,1
1209.jpg,0
1210.jpg,1
1211.jpg,0
1212.jpg,1
1213.jpg,1
1214.jpg,1
1215.jpg,0
1216.jpg,1
1217.jpg,1
1218.jpg,1
1219.jpg,0
1220.jpg,0
1221.jpg,0
1222.jpg,0
1223.jpg,1
1224.jpg,1
1225.jpg,1
1226.jpg,1
1227.jpg,0
1228.jpg,0
1229.jpg,0
1230.jpg,1
1231.jpg,1
1232.jpg,1
1233.jpg,0
1234.jpg,0
1235.jpg,0
1236.jpg,0
1237.jpg,0
1238.jpg,0
1239.jpg,0
1240.jpg,0
1241.jpg,0
1242.jpg,0
1243.jpg,0
1244.jpg,0
1245.jpg,0
1246.jpg,0
1247.jpg,1
1248.jpg,0
1249.jpg,0
1250.jpg,1
1251.jpg,0
1252.jpg,1
1253.jpg,0
1254.jpg,0
1255.jpg,1
1256.jpg,1
1257.jpg,1
1258.jpg,0
1259.jpg,1
1260.jpg,1
1261.jpg,0
1262.jpg,1
1263.jpg,1
1264.jpg,0
1265.jpg,1
1266.jpg,0
1267.jpg,0
1268.jpg,0
1269.jpg,0
1270.jpg,1
1271.jpg,0
1272.jpg,0
1273.jpg,0
1274.jpg,0
1275.jpg,1
1276.jpg,1
1277.jpg,1
1278.jpg,1
1279.jpg,1
1280.jpg,1
1281.jpg,1
1282.jpg,1
1283.jpg,0
1284.jpg,0
1285.jpg,0
1286.jpg,0
1287.jpg,0
1288.jpg,0
1289.jpg,0
1290.jpg,0
1291.jpg,0
1292.jpg,0
1293.jpg,0
1294.jpg,0
1295.jpg,0
1296.jpg,0
1297.jpg,0
1298.jpg,0
1299.jpg,0
1300.jpg,0
1301.jpg,1
1302.jpg,1
1303.jpg,1
1304.jpg,1
1305.jpg,1
1306.jpg,0
1307.jpg,0
1308.jpg,1
1309.jpg,0
1310.jpg,1
1311.jpg,1
1312.jpg,1
1313.jpg,0
1314.jpg,0
1315.jpg,0
1316.jpg,0
1317.jpg,0
1318.jpg,0
1319.jpg,0
1320.jpg,0
1321.jpg,0
1322.jpg,0
1323.jpg,1
1324.jpg,0
1325.jpg,0
1326.jpg,0
1327.jpg,0
1328.jpg,0
1329.jpg,0
1330.jpg,0
1331.jpg,0
1332.jpg,0
1333.jpg,0
1334.jpg,0
1335.jpg,0
1336.jpg,0
1337.jpg,0
1338.jpg,0
1339.jpg,0
1340.jpg,0
1341.jpg,0
1342.jpg,0
1343.jpg,1
1344.jpg,1
1345.jpg,0
1346.jpg,1
1347.jpg,1
1348.jpg,1
1349.jpg,1
1350.jpg,0
1351.jpg,0
1352.jpg,1
1353.jpg,1
1354.jpg,0
1355.jpg,1
1356.jpg,1
1357.jpg,1
1358.jpg,1
1359.jpg,0
1360.jpg,0
1361.jpg,0
1362.jpg,0
1363.jpg,0
1364.jpg,0
1365.jpg,0
1366.jpg,0
1367.jpg,0
1368.jpg,1
1369.jpg,0
1370.jpg,0
1371.jpg,0
1372.jpg,0
1373.jpg,0
1374.jpg,0
1375.jpg,0
1376.jpg,0
1377.jpg,0
1378.jpg,0
1379.jpg,1
1380.jpg,1
1381.jpg,1
1382.jpg,0
1383.jpg,1
1384.jpg,1
1385.jpg,0
1386.jpg,0
1387.jpg,0
1388.jpg,0
1389.jpg,0
1390.jpg,1
1391.jpg,0
1392.jpg,1
1393.jpg,1
1394.jpg,0
1395.jpg,0
1396.jpg,0
1397.jpg,1
1398.jpg,1
1399.jpg,0
1400.jpg,1
1401.jpg,1
1402.jpg,1
1403.jpg,0
1404.jpg,0
1405.jpg,0
1406.jpg,1
1407.jpg,0
1408.jpg,0
1409.jpg,0
1410.jpg,0
1411.jpg,0
1412.jpg,1
1413.jpg,1
1414.jpg,1
1415.jpg,0
1416.jpg,0
1417.jpg,0
1418.jpg,0
1419.jpg,1
1420.jpg,0
1421.jpg,0
1422.jpg,0
1423.jpg,0
1424.jpg,0
1425.jpg,0
1426.jpg,0
1427.jpg,0
1428.jpg,0
1429.jpg,0
1430.jpg,0
1431.jpg,1
1432.jpg,0
1433.jpg,1
1434.jpg,0
1435.jpg,0
1436.jpg,0
1437.jpg,0
1438.jpg,1
1439.jpg,1
1440.jpg,1
1441.jpg,0
1442.jpg,1
1443.jpg,0
1444.jpg,0
1445.jpg,0
1446.jpg,1
1447.jpg,0
1448.jpg,0
1449.jpg,0
1450.jpg,1
1451.jpg,1
1452.jpg,0
1453.jpg,0
1454.jpg,0
1455.jpg,1
1456.jpg,0
1457.jpg,0
1458.jpg,1
1459.jpg,1
1460.jpg,1
1461.jpg,1
1462.jpg,1
1463.jpg,1
1464.jpg,1
1465.jpg,0
1466.jpg,1
1467.jpg,1
1468.jpg,1
1469.jpg,1
1470.jpg,0
1471.jpg,0
1472.jpg,0
1473.jpg,1
1474.jpg,1
1475.jpg,1
1476.jpg,0
1477.jpg,0
1478.jpg,0
1479.jpg,0
1480.jpg,0
1481.jpg,1
1482.jpg,1
1483.jpg,0
1484.jpg,1
1485.jpg,0
1486.jpg,0
1487.jpg,1
1488.jpg,0
1489.jpg,1
1490.jpg,1
1491.jpg,0
1492.jpg,0
1493.jpg,1
1494.jpg,1
1495.jpg,1
1496.jpg,0
1497.jpg,1
1498.jpg,1
1499.jpg,0
1500.jpg,0
1501.jpg,1
1502.jpg,1
1503.jpg,0
1504.jpg,0
1505.jpg,0
1506.jpg,1
1507.jpg,0
1508.jpg,0
1509.jpg,0
1510.jpg,0
1511.jpg,0
1512.jpg,0
1513.jpg,1
1514.jpg,0
1515.jpg,0
1516.jpg,0
1517.jpg,0
1518.jpg,0
1519.jpg,0
1520.jpg,0
1521.jpg,0
1522.jpg,1
1523.jpg,1
1524.jpg,0
1525.jpg,0
1526.jpg,1
1527.jpg,1
1528.jpg,0
1529.jpg,0
1530.jpg,0
1531.jpg,1
1532.jpg,0
1533.jpg,0
1534.jpg,1
1535.jpg,0
1536.jpg,0
1537.jpg,0
1538.jpg,0
1539.jpg,0
1540.jpg,0
1541.jpg,0
1542.jpg,0
1543.jpg,0
1544.jpg,0
1545.jpg,1
1546.jpg,1
1547.jpg,0
1548.jpg,0
1549.jpg,1
1550.jpg,1
1551.jpg,1
1552.jpg,0
1553.jpg,1
1554.jpg,1
1555.jpg,1
1556.jpg,0
1557.jpg,1
1558.jpg,1
1559.jpg,1
1560.jpg,0
1561.jpg,0
1562.jpg,1
1563.jpg,1
1564.jpg,1
1565.jpg,0
1566.jpg,0
1567.jpg,0
1568.jpg,0
1569.jpg,0
1570.jpg,0
1571.jpg,0
1572.jpg,0
1573.jpg,0
1574.jpg,0
1575.jpg,0
1576.jpg,0
1577.jpg,0
1578.jpg,1
1579.jpg,1
1580.jpg,1
1581.jpg,1
1582.jpg,0
1583.jpg,1
1584.jpg,1
1585.jpg,0
1586.jpg,0
1587.jpg,1
1588.jpg,0
1589.jpg,0
1590.jpg,0
1591.jpg,0
1592.jpg,0
1593.jpg,0
1594.jpg,0
1595.jpg,0
1596.jpg,1
1597.jpg,1
1598.jpg,1
1599.jpg,1
1600.jpg,1
1601.jpg,1
1602.jpg,0
1603.jpg,1
1604.jpg,1
1605.jpg,0
1606.jpg,0
1607.jpg,0
1608.jpg,0
1609.jpg,1
1610.jpg,1
1611.jpg,0
1612.jpg,0
1613.jpg,0
1614.jpg,0
1615.jpg,0
1616.jpg,0
1617.jpg,0
1618.jpg,0
1619.jpg,0
1620.jpg,0
1621.jpg,0
1622.jpg,0
1623.jpg,0
1624.jpg,0
1625.jpg,0
1626.jpg,0
1627.jpg,0
1628.jpg,0
1629.jpg,0
1630.jpg,1
1631.jpg,1
1632.jpg,0
1633.jpg,0
1634.jpg,1
1635.jpg,1
1636.jpg,0
1637.jpg,0
1638.jpg,0
1639.jpg,0
1640.jpg,0
1641.jpg,0
1642.jpg,0
1643.jpg,0
1644.jpg,0
1645.jpg,0
1646.jpg,0
1647.jpg,0
1648.jpg,0
1649.jpg,0
1650.jpg,0
1651.jpg,0
1652.jpg,1
1653.jpg,0
1654.jpg,0
1655.jpg,1
1656.jpg,0
1657.jpg,0
1658.jpg,1
1659.jpg,1
1660.jpg,1
1661.jpg,0
1662.jpg,0
1663.jpg,1
1664.jpg,1
1665.jpg,1
1666.jpg,1
1667.jpg,0
1668.jpg,1
1669.jpg,0
1670.jpg,0
1671.jpg,0
1672.jpg,1
1673.jpg,0
1674.jpg,0
1675.jpg,1
1676.jpg,1
1677.jpg,1
1678.jpg,0
1679.jpg,0
1680.jpg,0
1681.jpg,1
1682.jpg,0
1683.jpg,0
1684.jpg,1
1685.jpg,0
1686.jpg,0
1687.jpg,0
1688.jpg,0
1689.jpg,0
1690.jpg,0
1691.jpg,0
1692.jpg,0
1693.jpg,0
1694.jpg,0
1695.jpg,0
1696.jpg,0
1697.jpg,0
1698.jpg,1
1699.jpg,1
1700.jpg,1
1701.jpg,1
1702.jpg,1
1703.jpg,1
1704.jpg,1
1705.jpg,1
1706.jpg,1
1707.jpg,1
1708.jpg,1
1709.jpg,1
1710.jpg,0
1711.jpg,0
1712.jpg,0
1713.jpg,0
1714.jpg,0
1715.jpg,0
1716.jpg,0
1717.jpg,1
1718.jpg,1
1719.jpg,0
1720.jpg,0
1721.jpg,0
1722.jpg,0
1723.jpg,0
1724.jpg,1
1725.jpg,1
1726.jpg,0
1727.jpg,0
1728.jpg,1
1729.jpg,0
1730.jpg,0
1731.jpg,0
1732.jpg,1
1733.jpg,0
1734.jpg,0
1735.jpg,0
1736.jpg,0
1737.jpg,0
1738.jpg,0
1739.jpg,0
1740.jpg,0
1741.jpg,1
1742.jpg,1
1743.jpg,1
1744.jpg,0
1745.jpg,0
1746.jpg,1
1747.jpg,1
1748.jpg,0
1749.jpg,1
1750.jpg,0
1751.jpg,0
1752.jpg,0
1753.jpg,0
1754.jpg,0
1755.jpg,0
1756.jpg,0
1757.jpg,1
1758.jpg,1
1759.jpg,1
1760.jpg,1
1761.jpg,1
1762.jpg,1
1763.jpg,0
1764.jpg,1
1765.jpg,1
1766.jpg,1
1767.jpg,0
1768.jpg,1
1769.jpg,1
1770.jpg,1
1771.jpg,1
1772.jpg,1
1773.jpg,1
1774.jpg,1
1775.jpg,1
1776.jpg,0
1777.jpg,1
1778.jpg,1
1779.jpg,0
1780.jpg,0
1781.jpg,0
1782.jpg,0
1783.jpg,0
1784.jpg,0
1785.jpg,1
1786.jpg,0
1787.jpg,0
1788.jpg,1
1789.jpg,0
1790.jpg,0
1791.jpg,0
1792.jpg,1
1793.jpg,1
1794.jpg,0
1795.jpg,0
1796.jpg,0
1797.jpg,0
1798.jpg,0
1799.jpg,1
1800.jpg,1
1801.jpg,1
1802.jpg,0
1803.jpg,0
1804.jpg,0
1805.jpg,0
1806.jpg,0
1807.jpg,0
1808.jpg,0
1809.jpg,1
1810.jpg,1
1811.jpg,1
1812.jpg,0
1813.jpg,1
1814.jpg,1
1815.jpg,0
1816.jpg,1
1817.jpg,0
1818.jpg,0
1819.jpg,0
1820.jpg,0
1821.jpg,1
1822.jpg,0
1823.jpg,0
1824.jpg,1
1825.jpg,1
1826.jpg,0
1827.jpg,0
1828.jpg,0
1829.jpg,1
1830.jpg,0
1831.jpg,0
1832.jpg,0
1833.jpg,0
1834.jpg,0
1835.jpg,0
1836.jpg,0
1837.jpg,0
1838.jpg,0
1839.jpg,0
1840.jpg,1
1841.jpg,0
1842.jpg,0
1843.jpg,1
1844.jpg,1
1845.jpg,1
1846.jpg,0
1847.jpg,1
1848.jpg,1
1849.jpg,0
1850.jpg,0
1851.jpg,0
1852.jpg,0
1853.jpg,0
1854.jpg,0
1855.jpg,1
1856.jpg,0
1857.jpg,0
1858.jpg,0
1859.jpg,1
1860.jpg,1
1861.jpg,1
1862.jpg,1
1863.jpg,1
1864.jpg,1
1865.jpg,1
1866.jpg,1
1867.jpg,1
1868.jpg,1
1869.jpg,0
1870.jpg,0
1871.jpg,0
1872.jpg,0
1873.jpg,0
1874.jpg,1
1875.jpg,0
1876.jpg,0
1877.jpg,1
1878.jpg,0
1879.jpg,0
1880.jpg,0
1881.jpg,0
1882.jpg,0
1883.jpg,0
1884.jpg,1
1885.jpg,1
1886.jpg,0
1887.jpg,0
1888.jpg,0
1889.jpg,0
1890.jpg,1
1891.jpg,0
1892.jpg,0
1893.jpg,0
1894.jpg,0
1895.jpg,0
1896.jpg,0
1897.jpg,0
1898.jpg,0
1899.jpg,0
1900.jpg,0
1901.jpg,0
1902.jpg,0
1903.jpg,0
1904.jpg,0
1905.jpg,0
1906.jpg,0
1907.jpg,0
1908.jpg,0
1909.jpg,0
1910.jpg,1
1911.jpg,1
1912.jpg,0
1913.jpg,0
1914.jpg,0
1915.jpg,0
1916.jpg,0
1917.jpg,1
1918.jpg,1
1919.jpg,1
1920.jpg,0
1921.jpg,1
1922.jpg,1
1923.jpg,1
1924.jpg,1
1925.jpg,1
1926.jpg,1
1927.jpg,1
1928.jpg,0
1929.jpg,1
1930.jpg,1
1931.jpg,1
1932.jpg,1
1933.jpg,1
1934.jpg,1
1935.jpg,0
1936.jpg,0
1937.jpg,0
1938.jpg,0
1939.jpg,0
1940.jpg,1
1941.jpg,0
1942.jpg,0
1943.jpg,1
1944.jpg,1
1945.jpg,0
1946.jpg,1
1947.jpg,1
1948.jpg,1
1949.jpg,1
1950.jpg,1
1951.jpg,0
1952.jpg,1
1953.jpg,0
1954.jpg,0
1955.jpg,1
1956.jpg,1
1957.jpg,0
1958.jpg,0
1959.jpg,0
1960.jpg,0
1961.jpg,1
1962.jpg,1
1963.jpg,0
1964.jpg,0
1965.jpg,1
1966.jpg,1
1967.jpg,0
1968.jpg,0
1969.jpg,1
1970.jpg,1
1971.jpg,1
1972.jpg,0
1973.jpg,0
1974.jpg,1
1975.jpg,1
1976.jpg,1
1977.jpg,1
1978.jpg,1
1979.jpg,0
1980.jpg,0
1981.jpg,1
1982.jpg,0
1983.jpg,0
1984.jpg,0
1985.jpg,1
1986.jpg,0
1987.jpg,0
1988.jpg,0
1989.jpg,0
1990.jpg,0
1991.jpg,0
1992.jpg,0
1993.jpg,0
1994.jpg,1
1995.jpg,1
1996.jpg,0
1997.jpg,0
1998.jpg,0
1999.jpg,1
2000.jpg,0
2001.jpg,0
2002.jpg,0
2003.jpg,0
2004.jpg,0
2005.jpg,0
2006.jpg,0
2007.jpg,0
2008.jpg,0
2009.jpg,0
2010.jpg,0
2011.jpg,1
2012.jpg,1
2013.jpg,0
2014.jpg,1
2015.jpg,1
2016.jpg,1
2017.jpg,1
2018.jpg,1
2019.jpg,1
2020.jpg,1
2021.jpg,1
2022.jpg,0
2023.jpg,0
2024.jpg,0
2025.jpg,0
2026.jpg,1
2027.jpg,0
2028.jpg,0
2029.jpg,0
2030.jpg,1
2031.jpg,1
2032.jpg,0
2033.jpg,0
2034.jpg,0
2035.jpg,1
2036.jpg,0
2037.jpg,0
2038.jpg,0
2039.jpg,0
2040.jpg,0
2041.jpg,0
2042.jpg,0
2043.jpg,0
2044.jpg,0
2045.jpg,0
2046.jpg,0
2047.jpg,0
2048.jpg,0
2049.jpg,0
2050.jpg,0
2051.jpg,0
2052.jpg,0
2053.jpg,0
2054.jpg,0
2055.jpg,0
2056.jpg,0
2057.jpg,0
2058.jpg,0
2059.jpg,0
2060.jpg,0
2061.jpg,0
2062.jpg,0
2063.jpg,0
2064.jpg,1
2065.jpg,1
2066.jpg,1
2067.jpg,1
2068.jpg,0
2069.jpg,0
2070.jpg,1
2071.jpg,1
2072.jpg,1
2073.jpg,1
2074.jpg,1
2075.jpg,0
2076.jpg,0
2077.jpg,1
2078.jpg,1
2079.jpg,0
2080.jpg,0
2081.jpg,0
2082.jpg,0
2083.jpg,0
2084.jpg,0
2085.jpg,0
2086.jpg,0
2087.jpg,1
2088.jpg,0
2089.jpg,0
2090.jpg,0
2091.jpg,1
2092.jpg,1
2093.jpg,0
2094.jpg,0
2095.jpg,1
2096.jpg,0
2097.jpg,0
2098.jpg,0
2099.jpg,1
2100.jpg,0
2101.jpg,0
2102.jpg,0
2103.jpg,0
2104.jpg,0
2105.jpg,1
2106.jpg,1
2107.jpg,1
2108.jpg,0
2109.jpg,0
2110.jpg,0
2111.jpg,0
2112.jpg,0
2113.jpg,0
2114.jpg,1
2115.jpg,0
2116.jpg,0
2117.jpg,0
2118.jpg,0
2119.jpg,1
2120.jpg,1
2121.jpg,0
2122.jpg,0
2123.jpg,0
2124.jpg,0
2125.jpg,0
2126.jpg,1
2127.jpg,1
2128.jpg,1
2129.jpg,1
2130.jpg,0
2131.jpg,0
2132.jpg,1
2133.jpg,1
2134.jpg,0
2135.jpg,0
2136.jpg,0
2137.jpg,1
2138.jpg,1
2139.jpg,1
2140.jpg,0
2141.jpg,0
2142.jpg,0
2143.jpg,0
2144.jpg,0
2145.jpg,1
2146.jpg,1
2147.jpg,0
2148.jpg,0
2149.jpg,0
2150.jpg,0
2151.jpg,0
2152.jpg,0
2153.jpg,1
2154.jpg,1
2155.jpg,1
2156.jpg,0
2157.jpg,1
2158.jpg,1
2159.jpg,0
2160.jpg,0
2161.jpg,0
2162.jpg,0
2163.jpg,0
2164.jpg,1
2165.jpg,0
2166.jpg,0
2167.jpg,0
2168.jpg,0
2169.jpg,0
2170.jpg,0
2171.jpg,0
2172.jpg,1
2173.jpg,0
2174.jpg,0
2175.jpg,0
2176.jpg,0
2177.jpg,1
2178.jpg,1
2179.jpg,1
2180.jpg,1
2181.jpg,1
2182.jpg,0
2183.jpg,1
2184.jpg,1
2185.jpg,1
2186.jpg,0
2187.jpg,0
2188.jpg,1
2189.jpg,0
2190.jpg,0
2191.jpg,0
2192.jpg,0
2193.jpg,0
2194.jpg,0
2195.jpg,0
2196.jpg,0
2197.jpg,0
2198.jpg,0
2199.jpg,0
2200.jpg,0
2201.jpg,0
2202.jpg,0
2203.jpg,0
2204.jpg,0
2205.jpg,0
2206.jpg,0
2207.jpg,0
2208.jpg,0
2209.jpg,1
2210.jpg,0
2211.jpg,0
2212.jpg,0
2213.jpg,1
2214.jpg,1
2215.jpg,1
2216.jpg,1
2217.jpg,1
2218.jpg,1
2219.jpg,1
2220.jpg,1
2221.jpg,1
2222.jpg,1
2223.jpg,1
2224.jpg,1
2225.jpg,1
2226.jpg,1
2227.jpg,1
2228.jpg,1
2229.jpg,1
2230.jpg,1
2231.jpg,1
2232.jpg,1
2233.jpg,1
2234.jpg,1
2235.jpg,1
2236.jpg,1
2237.jpg,1
2238.jpg,1
2239.jpg,1
2240.jpg,1
2241.jpg,1
2242.jpg,1
2243.jpg,1
2244.jpg,1
2245.jpg,1
2246.jpg,1
2247.jpg,1
2248.jpg,1
2249.jpg,1
2250.jpg,1
2251.jpg,1
2252.jpg,1
2253.jpg,1
2254.jpg,1
2255.jpg,1
2256.jpg,1
2257.jpg,1
2258.jpg,1
2259.jpg,1
2260.jpg,1
2261.jpg,1
2262.jpg,1
2263.jpg,1
2264.jpg,1
2265.jpg,1
2266.jpg,1
2267.jpg,1
2268.jpg,1
2269.jpg,1
2270.jpg,1
2271.jpg,1
2272.jpg,1
2273.jpg,1
2274.jpg,1
2275.jpg,1
2276.jpg,1
2277.jpg,1
2278.jpg,1
2279.jpg,1
2280.jpg,1
2281.jpg,1
2282.jpg,1
2283.jpg,1
2284.jpg,1
2285.jpg,1
2286.jpg,1
2287.jpg,1
2288.jpg,1
2289.jpg,1
2290.jpg,1
2291.jpg,1
2292.jpg,1
2293.jpg,1
2294.jpg,1
2295.jpg,1
2296.jpg,1
2297.jpg,1
2298.jpg,1
2299.jpg,1
2300.jpg,1
2301.jpg,1
2302.jpg,1
2303.jpg,1
2304.jpg,1
2305.jpg,1
2306.jpg,1
2307.jpg,1
2308.jpg,1
2309.jpg,1
2310.jpg,1
2311.jpg,1
2312.jpg,1
2313.jpg,1
2314.jpg,1
2315.jpg,1
2316.jpg,1
2317.jpg,1
2318.jpg,1
2319.jpg,1
2320.jpg,1
2321.jpg,1
2322.jpg,1
2323.jpg,1
2324.jpg,1
2325.jpg,1
2326.jpg,1
2327.jpg,1
2328.jpg,1
2329.jpg,1
2330.jpg,1
2331.jpg,1
2332.jpg,1
2333.jpg,1
2334.jpg,1
2335.jpg,1
2336.jpg,1
2337.jpg,1
2338.jpg,1
2339.jpg,1
2340.jpg,1
2341.jpg,1
2342.jpg,1
2343.jpg,1
2344.jpg,1
2345.jpg,1
2346.jpg,1
2347.jpg,1
2348.jpg,1
2349.jpg,1
2350.jpg,1
2351.jpg,1
2352.jpg,1
2353.jpg,1
2354.jpg,1
2355.jpg,1
2356.jpg,1
2357.jpg,1
2358.jpg,1
2359.jpg,1
2360.jpg,1
2361.jpg,1
2362.jpg,1
2363.jpg,1
2364.jpg,1
2365.jpg,1
2366.jpg,1
2367.jpg,1
2368.jpg,1
2369.jpg,1
2370.jpg,1
